n-gram,PMI
biological sex,8.502047407276564
their biological,4.785127755312118
a biological,2.095083208533403
